subj,block,trial,reach_dur_s,grasp_dur_s,pull_dur_s,mvt_dur_s,peak_reach_vel,peak_pull_vel,reach_beta_db,grip_beta_db,reach_lowbeta_db,reach_highbeta_db
wue02,1,1,1.31,0.8475,0.9925,3.15,0.524950393006258,0.628196051377937,0.318838,-0.5796654,1.858446,1.688694
wue02,1,2,1.5075,1.0625,1.0125,3.5825,0.365757661431784,0.537926156358507,0.2444205,1.717661,1.150181,0.1557349
wue02,1,3,1.245,1.465,1.1275,3.8375,0.476214940318076,0.519267223345322,-1.406726,0.3516681,-2.479369,-0.06354912
wue02,1,4,1.44,1.205,1.2925,3.9375,0.401417107257944,0.453000709616042,0.8328011,0.5345919,0.5254207,1.68914
wue02,1,5,1.3925,1.1775,1.07,3.64,0.439623858820174,0.53216654399141,-2.228515,-1.892682,-1.671476,-2.46501
wue02,1,6,1.3225,1.0225,1.275,3.62,0.499937772704512,0.46670393761327,-4.031319,0.1047639,-3.784114,-4.128325
wue02,1,7,1.375,1.1625,1.1175,3.655,0.435317566718128,0.595275348954987,-1.010195,-1.736683,-0.09348753,-0.787518
wue02,1,8,1.3475,1.195,1.235,3.7775,0.45157653616119,0.536903160469289,-0.4805812,-0.2675328,0.1364365,-0.7023409
wue02,1,9,1.4575,1.2725,1.2125,3.9425,0.414792154072622,0.492240821495786,-0.8324683,0.1831622,-0.8409151,-0.5704697
wue02,1,10,1.535,1.02,1.2875,3.8425,0.376806234878084,0.441090112973266,-0.8165127,-1.258242,-1.134949,-0.3669932
wue02,2,1,1.3775,0.9825,1.27,3.63,0.462660957872146,0.481850069448697,0.3797647,-0.6689563,0.597366,2.078388
wue02,2,2,1.405,1.3825,1.28,4.0675,0.369082559169304,0.439261767551428,2.199855,1.027725,1.405911,4.667051
wue02,2,3,1.395,2.1,1.095,4.59,0.407108687385217,0.518334616854093,-1.625217,0.02061473,-2.911309,0.04561146
wue02,2,4,1.415,1.595,1.17,4.18,0.428005995779482,0.435395470327093,1.608116,1.330419,1.229946,2.249277
wue02,2,5,1.4225,1.41,1.18,4.0125,0.39517296374646,0.542562553957475,0.7947639,0.9957474,-3.662036,3.897564
wue02,2,6,1.59,1.3,1.2225,4.1125,0.379120276771912,0.469207206681959,1.56343,1.903841,0.7893788,2.63043
wue02,2,7,1.3725,1.2025,1.21,3.785,0.391711476217904,0.55442570276167,-0.2811519,0.3224033,-0.01575609,-1.144603
wue02,2,8,1.25,1.3125,1.19,3.7525,0.474824474916374,0.49918904531453,1.101245,0.3778554,-0.0543479,2.664746
wue02,2,9,1.4375,1.1325,1.325,3.895,0.426597177849622,0.478337255216964,0.2838301,1.933711,0.6530429,-0.9415633
wue02,2,10,1.58,1.1175,1.37,4.0675,0.330594463371163,0.444474901435398,0.2546655,0.5713054,-0.1159517,0.6395474
wue02,3,1,1.4775,0.9675,1.0775,3.5225,0.491729351473126,0.607562645084465,0.2107487,-0.7986356,1.545245,0.0550615
wue02,3,2,1.305,1.485,1.1525,3.9425,0.443463671458466,0.562618424646656,1.087485,2.042407,2.87255,-1.304407
wue02,3,3,1.3575,1.4875,1.035,3.88,0.468385472477435,0.602965691667891,0.6011778,-0.5229115,1.589057,-0.6817616
wue02,3,4,1.2525,1.2675,1.1525,3.6725,0.456893965571181,0.503640781249274,-2.252051,0.1905935,-1.842937,-2.840412
wue02,3,5,1.275,1.2275,1.1325,3.635,0.443309285845152,0.581242792834959,-1.292706,-0.2698782,0.2442713,-2.717325
wue02,3,6,1.12,1.3175,1.145,3.5825,0.493065861730211,0.521781058690054,-1.252075,-0.6489593,0.02462733,-3.082622
wue02,3,7,1.4475,1.1775,1.44,4.065,0.397176374855016,0.432565545122777,-1.685144,1.670423,-1.336678,-2.398098
wue02,3,8,1.3475,1.2,1.2675,3.815,0.437613763382487,0.482980794783883,-1.436969,-2.909461,-1.388146,-1.010107
wue02,3,9,1.2475,1.2075,1.2025,3.6575,0.423766007713675,0.490111746136299,-1.049194,-0.4267666,0.02709248,-2.081519
wue02,3,10,1.2925,1.1725,1.1875,3.6525,0.469429039554294,0.524615118037529,0.9292846,-1.132574,1.534676,-0.06612857
wue03,1,1,1.59,0.9775,1.1225,3.69,0.358693342933159,0.449818778119667,-3.988228,-2.608135,-2.92389,-5.554335
wue03,1,2,1.305,1.005,1.2775,3.5875,0.395376088668743,0.430458231355312,-1.304725,2.956694,-0.7999787,-0.4543868
wue03,1,3,1.36,1.0325,1.1225,3.515,0.415311025946894,0.436721575946592,-2.493481,1.829396,-1.381247,-2.047937
wue03,1,4,1.3675,1.3675,1.1275,3.8625,0.337070368875589,0.37446221123752,1.514864,-1.150736,2.240603,2.188017
wue03,1,5,1.49,1.265,1.2875,4.0425,0.332246883952721,0.34742112331038,-0.4456729,-0.3454326,-0.3161621,-0.5823327
wue03,1,6,1.505,1.1375,1.16,3.8025,0.343796593118407,0.377327584407792,-1.752462,-0.9287205,0.02818257,-1.67541
wue03,1,7,1.44,1.295,1.1675,3.9025,0.328007412311932,0.352210327681708,-0.8707739,4.776164,0.8126276,-0.2158797
wue03,1,8,1.335,0.9275,1.35,3.6125,0.356681200124514,0.341116216942872,0.3820154,-0.05378412,0.3569741,1.408296
wue03,1,9,1.395,0.9825,1.37,3.7475,0.345143873970627,0.368787480479448,-2.029331,-0.3176298,-2.179967,-1.506987
wue03,1,10,1.745,0.835,1.48,4.06,0.311250886904717,0.346787991700709,-0.5007252,0.3993985,1.331702,-3.090607
wue03,3,1,1.61,1.095,1.2375,3.9425,0.326273812799525,0.366103390301844,-1.232639,2.443624,0.352937,-2.105316
wue03,3,2,1.5325,1.2475,1.305,4.085,0.355783795665165,0.371679095802876,2.135645,2.812969,4.199982,0.2412726
wue03,3,3,1.53,1.095,1.3425,3.9675,0.30615988282461,0.307933973163369,0.6386549,0.7447991,2.198689,1.067581
wue03,3,4,1.62,1.2875,1.34,4.2475,0.30071059680545,0.371978696718774,0.9886532,1.202621,2.981251,-1.686294
wue03,3,5,1.6425,1.3425,1.63,4.615,0.295867984358323,0.233777055152641,3.891594,-0.2173714,6.796445,-2.766262
wue03,3,6,1.495,1.0825,1.415,3.9925,0.294512620338059,0.323680097773244,3.445634,2.309795,4.162993,4.653356
wue03,3,7,1.4225,1.49,1.4,4.3125,0.327332050176913,0.329425125854559,-0.8904582,-0.6186338,0.1532988,-1.979459
wue03,3,8,1.6475,1.06,1.535,4.2425,0.31920815798861,0.325590942657846,3.741144,4.310542,5.891056,0.8447094
wue03,3,9,1.59,1.265,1.5575,4.4125,0.265508470470709,0.301047573144649,1.411849,3.281052,1.901831,1.365595
wue03,3,10,1.55,1.3075,1.325,4.1825,0.292742122561986,0.340301898055574,1.230767,2.950612,1.8798,1.247765
wue05,1,1,1.135,0.5075,0.9225,2.565,0.610625462094171,0.801622712430987,-1.018581,2.079763,-1.964192,-0.03206003
wue05,1,2,1.07,0.29,0.9925,2.3525,0.66457825043154,0.63603961853948,-0.2182894,-1.779473,0.01780561,1.038542
wue05,1,3,1.035,0.58,0.94,2.555,0.618093145665942,0.615946454199312,-0.8873911,-1.426017,-1.750148,-0.04344616
wue05,1,4,1.09,0.56,0.9325,2.5825,0.608932110499164,0.601248251222603,-0.7797656,-0.07035065,-0.008324617,-1.289449
wue05,1,5,1.33,0.155,1.1475,2.6325,0.616180045396007,0.538815702518381,0.1628068,-0.1359553,-1.430168,2.001413
wue05,1,6,0.975,0.5075,1.1425,2.625,0.665044093690401,0.519467114341737,-3.302939,0.1747147,-4.982141,-1.904779
wue05,1,7,1.0225,0.7175,1.12,2.86,0.608297751627872,0.578442934772079,-0.4652829,-0.4996545,-0.5040456,-0.04243494
wue05,1,8,1.095,0.6525,0.9675,2.715,0.602932595211364,0.608065068022474,-2.064431,-2.749277,-2.812735,-1.253503
wue05,1,9,1.4075,0.165,1.0925,2.665,0.603532847718622,0.607863051592737,-0.3201686,-0.470317,-1.779703,0.7752334
wue05,1,10,1.35,0.22,0.965,2.535,0.584887686550532,0.621428402151254,0.05705624,1.602416,0.3113519,-0.3255077
wue05,1,11,1.2875,0.5325,1.08,2.9,0.602902945168887,0.548621907792811,-0.956309,-1.400985,-1.405388,1.60377
wue05,2,1,0.8675,0.1925,1.3225,2.3825,0.649022304345888,0.679813557377974,-0.5691746,0.4579381,-0.1479429,-0.5941335
wue05,2,2,0.985,0.6225,1.3475,2.955,0.616921206031966,0.558060484908782,0.3573808,-1.12228,-1.034362,2.225292
wue05,2,3,1.075,0.4025,1.135,2.6125,0.586001772630328,0.514997342251609,3.076801,2.823121,3.867566,2.142764
wue05,2,4,0.9375,0.5225,1.15,2.61,0.633707347061901,0.551791036839845,4.682074,1.814971,3.160644,6.689318
wue05,2,5,1.1275,0.545,1.1,2.7725,0.589610659444402,0.517507849174127,2.894164,-0.4851773,3.86256,2.152183
wue05,2,6,1.065,0.54,1.075,2.68,0.64401462430075,0.511099436201824,0.9003062,1.263335,1.184032,1.272156
wue05,2,7,1.075,0.285,1.3975,2.7575,0.623010322978161,0.55402999584149,0.2270645,1.583593,0.1744457,0.4247456
wue05,2,8,1.21,0.4225,1.08,2.7125,0.637779243090216,0.527679186172725,1.756698,2.677588,1.67091,1.993253
wue05,2,9,1.0675,0.3625,1.065,2.495,0.645233532694589,0.50010557214166,0.7082117,2.391977,-3.960191,3.205901
wue05,2,10,1.3125,0.25,1.0675,2.63,0.657751492433237,0.488438816437438,-0.4426031,1.451597,-0.7010824,1.024369
wue05,2,11,1.31,0.42,1.365,3.095,0.573760074290291,0.456401062505403,-1.225855,-1.274954,-3.661479,0.9092849
wue05,3,1,1.605,0.365,0.89,2.86,0.507748129133015,0.705459167950449,0.8847196,0.2006027,0.4714507,1.378282
wue05,3,2,1.2025,0.38,0.9625,2.545,0.610594828441588,0.580811729455442,0.4492971,0.2168561,0.5241645,1.907614
wue05,3,3,1.3675,0.125,1.245,2.7375,0.587200910000395,0.537709865585339,0.6780411,-0.07684717,-0.009417682,1.289231
wue05,3,4,1.2175,0.245,1.145,2.6075,0.624181170358665,0.562843536211487,2.259257,-1.384909,3.785267,0.3417712
wue05,3,5,1.27,0.2475,1.1525,2.67,0.643936441960595,0.534880928307012,1.375097,1.708934,0.1996193,2.416939
wue05,3,6,0.9775,0.44,1.1825,2.6,0.67575910611998,0.582793703498703,2.800884,-1.002146,-2.298045,5.004307
wue05,3,7,1.0625,0.5225,1.065,2.65,0.642417740508611,0.532734665286016,-0.9032235,1.276366,-0.7087706,-0.5489786
wue05,3,8,1.115,0.4825,1.0125,2.61,0.584782922560832,0.596688770152809,1.118902,-1.34936,0.7371396,1.725537
wue05,3,9,1.2025,0.45,1.0275,2.68,0.590414688784435,0.555463101168732,2.139418,0.5080319,2.071952,3.554275
wue05,3,10,1.1825,0.4325,1.0025,2.6175,0.648398793987649,0.578846662551523,1.72681,2.454724,1.065955,3.184183
wue05,3,11,0.935,0.65,1.03,2.615,0.664672862875979,0.522114532118511,1.785387,1.999813,-0.243075,3.418175
wue05,3,12,1.0675,0.455,1.0125,2.535,0.579835442942273,0.541364491435461,-0.1479539,-1.622555,0.01725956,0.7529153
wue06,1,1,1.3175,0.4275,1.1325,2.8775,0.451229700203115,0.482964313502149,-0.8084691,-2.036378,0.7090745,-0.5936332
wue06,1,2,1.035,0.2675,1.3225,2.625,0.531551655245246,0.507966091766049,-1.159349,0.8777063,0.5973052,-1.446983
wue06,1,3,1.0925,0.3975,1.34,2.83,0.558111409075405,0.517804293646765,-0.2696876,-1.00785,6.609902,-1.435933
wue06,1,4,1.01,0.2975,1.36,2.6675,0.545943886635387,0.42816552954048,-2.313648,3.054434,-0.5178428,-2.46386
wue06,1,5,1.1,0.4675,1.56,3.1275,0.497566121107834,0.37640774256072,-3.720708,1.834439,2.634251,-6.631713
wue06,1,6,1.1125,0.71,1.6375,3.46,0.483718702827212,0.338176336661928,-0.1821271,1.985584,4.487953,-1.212557
wue06,1,7,1.19,0.6125,1.655,3.4575,0.505163838903111,0.345371905385428,-1.275811,1.407037,4.57493,-3.003967
wue06,1,8,1.12,0.6625,1.73,3.5125,0.444625901869827,0.327821271317191,-1.791727,-0.3646694,2.195913,-1.967664
wue06,1,9,1.1275,0.6025,1.6425,3.3725,0.457538545304485,0.348165039000867,-1.57997,1.399224,3.289354,-2.470952
wue06,1,10,1.145,0.81,1.73,3.685,0.460756433646591,0.311036131329911,-0.8229739,0.8494536,2.423579,-0.8590121
wue06,1,11,1.505,0.595,1.6525,3.7525,0.320255877095267,0.311928202658306,-5.081802,1.597564,0.8206186,-7.405636
wue06,1,12,1.305,0.8525,1.79,3.9475,0.38985677167237,0.337845642586683,-1.150308,-0.9210778,2.544048,-2.272675
wue06,2,1,1.385,1.3925,1.3775,4.155,0.349000752453615,0.419953270048071,0.7243341,0.8381519,3.59632,0.1283058
wue06,2,2,1.285,1.105,1.47,3.86,0.404189521640493,0.367296335950387,2.301664,0.9431375,6.439161,1.856158
wue06,2,3,1.3075,1.5525,1.5675,4.4275,0.394298223649608,0.375689242106581,-1.162915,-0.4851203,1.246444,-1.477104
wue06,2,4,1.425,2.0375,1.53,4.9925,0.367549302526176,0.380336957578661,-1.448357,-1.328413,3.482468,-2.812022
wue06,2,5,1.4325,1.5175,1.52,4.47,0.357801398328957,0.35620457709362,0.7677065,0.760458,3.529362,0.5166309
wue06,2,6,1.4375,2.015,2.0325,5.485,0.365968390687087,0.303488154603056,4.858253,1.216567,4.176763,5.203476
wue06,2,7,1.31,1.655,1.5575,4.5225,0.350445509819366,0.306464669456979,-1.555319,0.7774139,0.8971639,-1.798886
wue06,2,8,1.4,1.7375,1.7925,4.93,0.309448797400233,0.287119989990849,-1.516699,1.150383,-0.8155843,-1.753914
wue06,2,9,1.515,1.2875,1.6625,4.465,0.419618487945252,0.32148606127182,1.294355,1.751663,0.4995769,1.470404
wue06,2,10,1.0575,1.6375,1.7275,4.4225,0.44940655808764,0.236616842076589,-2.557848,0.4710211,2.049103,-2.772979
wue06,3,1,1.4725,1.9475,1.2875,4.7075,0.303272825754958,0.404022134987637,0.6274431,5.347445,1.374137,1.583997
wue06,3,2,1.5875,2.355,1.36,5.3025,0.266460292207964,0.357142451549251,2.254901,2.597713,-1.000678,3.440962
wue06,3,3,1.42,1.775,1.3875,4.5825,0.312941409528825,0.391370490326464,0.5859056,3.269263,-0.1170185,1.522371
wue06,3,4,1.7475,2.88,1.5525,6.18,0.243705035386083,0.349652138353338,-0.848089,1.535834,-2.408885,0.09161729
wue06,3,5,1.8075,2.79,1.57,6.1675,0.24724323477354,0.287467114821747,1.264674,3.196349,-1.095711,2.423431
wue06,3,6,2.02,2.9225,1.5675,6.51,0.173527474571881,0.319336365047537,-0.6353437,4.342391,0.267508,-1.244782
wue06,3,7,1.57,3.36,1.665,6.595,0.278441756074462,0.271302327256811,0.1857731,4.291568,-0.7282894,1.311257
wue06,3,8,1.9375,3.1725,1.51,6.62,0.18450231903384,0.304433448509316,1.330173,3.918304,4.172866,-0.71706
wue06,3,9,1.755,2.67,1.6225,6.0475,0.245517255988174,0.272243215386712,-2.139118,3.427129,-2.813556,-1.849512
wue06,3,10,1.835,1.875,1.965,5.675,0.236102249309721,4.50351772401202,-0.5785857,5.483602,-0.05762983,-0.4311409
wue07,1,1,0.9275,0.3325,0.81,2.07,0.739128589847759,0.904910256499778,-2.207129,-1.793525,1.2982,-6.446519
wue07,1,2,0.8725,0.3175,0.915,2.105,0.837898638386022,0.869130119241074,-6.218274,-3.325417,-4.300719,-6.106541
wue07,1,3,0.95,0.5825,0.92,2.4525,0.714007474017474,0.778900655288592,-4.334859,-2.146887,-5.338583,-3.866668
wue07,1,4,0.9675,0.6525,0.9075,2.5275,0.741850602522867,0.741079722104619,-3.050411,-1.277252,-0.07092448,-6.521637
wue07,1,5,0.9825,0.745,0.9625,2.69,0.726396189968505,0.753617836133048,-3.497677,-2.155279,-1.876418,-3.889773
wue07,1,6,0.8875,0.5575,0.9775,2.4225,0.755850025995045,0.807319521881232,-1.527916,-2.60328,0.5986242,-2.465564
wue07,1,7,1.3175,0.4675,0.8575,2.6425,0.624621959074992,0.79731509900699,-7.784495,-4.861703,-6.876061,-7.892802
wue07,1,8,0.98,0.4525,0.815,2.2475,0.693363481173479,0.803261241859452,-1.205211,-3.287446,0.7177703,-2.341128
wue07,1,9,1.08,0.4175,0.8425,2.34,0.680435282483237,0.789511999397666,-3.540306,-3.503217,-4.463072,-2.622678
wue07,1,10,0.985,0.5175,0.8825,2.385,0.661987084066948,0.741616894976667,-3.383139,-1.256337,-2.484258,-3.918232
wue07,1,11,0.98,0.545,0.94,2.465,0.638684668011217,0.704267625005442,-4.881258,-2.404261,-4.087086,-3.460359
wue07,2,1,1.0025,0.3975,0.8125,2.2125,0.651133228478903,0.804482354828134,-3.522133,-3.550568,-3.163613,-3.568623
wue07,2,2,1.0425,0.5275,0.81,2.38,0.660881368756403,0.797080735158692,-1.070383,0.2448101,1.41316,-2.004277
wue07,2,3,1.06,0.525,0.875,2.46,0.60306602704556,0.775851531977737,-3.095226,-3.75678,-1.497375,-3.999957
wue07,2,4,1.0675,0.6975,0.975,2.74,0.61160885142578,0.725749432972733,-3.272499,-1.663718,-3.861598,-2.765074
wue07,2,5,0.91,0.6875,0.925,2.5225,0.702456137807506,0.752388427249594,-4.554883,-0.6733706,-4.920828,-4.195543
wue07,2,6,1.1325,0.765,1.09,2.9875,0.593778729247934,0.649916712084909,-0.5625147,2.395936,-2.677354,0.4415693
wue07,2,7,1.055,0.5575,0.8525,2.465,0.619747849962241,0.780706769569955,-2.656341,-6.013026,-2.426353,-2.577957
wue07,2,8,1.135,0.54,0.88,2.555,0.628969701872319,0.773599163291687,-0.7225099,-1.526872,-4.485749,0.5831692
wue07,2,9,1.04,0.5175,0.91,2.4675,0.655226581406295,0.73744444088792,-1.472758,-0.6248744,-5.308478,-0.1377118
wue07,2,10,1.1325,0.65,0.845,2.6275,0.57197211007892,0.779203482370022,-4.098872,0.1613839,-2.737218,-4.072407
wue07,2,11,1.115,0.525,0.985,2.625,0.589510731704252,0.746520383009053,-4.263762,-0.7051413,-3.745106,-4.101098
wue07,2,12,1.04,0.5325,1.085,2.6575,0.629475910210075,0.6354182035148,-1.997911,-2.532313,-3.57404,-0.8844571
wue07,2,13,0.9375,0.4475,1.0175,2.4025,0.690831271934628,0.624452585438832,-2.340445,-0.8131444,-0.09147548,-3.608832
wue07,3,1,0.8975,0.31,0.87,2.0775,0.692907137682269,0.880282431497289,-4.301079,-2.363863,0.02102332,-6.954415
wue07,3,2,0.92,0.335,0.88,2.135,0.714358986508067,0.81365452809953,-4.037494,-1.315954,-0.1280337,-6.984432
wue07,3,3,1.01,0.3625,0.905,2.2775,0.702268507911326,0.814516673132602,-2.751627,-2.699749,-1.865457,-2.311042
wue07,3,4,1.05,0.4475,0.99,2.4875,0.602654095045879,0.755723439268744,-5.040184,-0.8434644,-3.868072,-5.469069
wue07,3,5,0.9975,0.62,0.8875,2.505,0.637174516866676,0.763322879406515,-3.561881,-3.538435,-1.721281,-4.196355
wue07,3,6,1.0725,0.495,0.9075,2.475,0.612945406696082,0.751767858084394,-2.719753,-4.236297,-1.181321,-2.915839
wue07,3,7,1.1,0.4975,0.9525,2.55,0.608544250719817,0.704783935416969,-7.031662,1.318167,-4.530544,-7.522735
wue07,3,8,1.2175,0.6125,0.9825,2.8125,0.475054495363248,0.713328941927796,-3.919086,-1.326385,-1.100684,-5.590988
wue07,3,9,1.1225,0.4075,0.9025,2.4325,0.561316925260208,0.703062340911697,-4.69338,-0.6796434,-1.276073,-7.110577
wue07,3,10,0.995,0.445,0.845,2.285,0.689852638291575,0.830796760342038,-2.166998,-4.289266,-1.082093,-2.34311
wue07,3,11,0.9775,0.3575,0.855,2.19,0.666770635763187,0.77436600090417,-4.531822,-1.41813,-1.322453,-6.295664
wue09,1,1,1.105,0.895,1.01,3.01,0.644353165483846,0.701269574402605,-4.708876,-1.219905,-5.229855,0.7823315
wue09,1,2,1.075,0.9225,1.025,3.0225,0.639816075699012,0.688664926785173,-3.433722,-5.647188,-4.390052,4.490458
wue09,1,3,1.2275,0.7475,0.875,2.85,0.629713882394544,0.85713245065112,0.854033,-2.312831,0.6755896,3.231548
wue09,1,4,1.0575,0.95,1.0075,3.015,0.706021385532285,0.702003650095859,0.1480936,-3.086895,0.2003224,-0.02738785
wue09,1,5,1.065,0.955,0.9925,3.0125,0.685583020534382,0.795032658854368,-3.00597,-2.095927,-3.643186,2.776139
wue09,1,6,1.0825,0.555,0.965,2.6025,0.724247958932494,0.80794330172555,-1.104255,-3.263688,-1.081383,-0.124894
wue09,1,7,1.1625,0.5225,1.015,2.7,0.663053644118442,0.780912354174028,-5.574778,-4.591177,-6.388968,0.7087961
wue09,1,8,1.0625,0.575,1.08,2.7175,0.724295214037295,0.777268945856589,-3.409411,-2.475577,-3.753411,0.4025373
wue09,1,9,1.04,0.8825,1.425,3.3475,0.694321664281344,0.53225011919158,-1.52038,-0.6784142,-1.840847,2.051189
wue09,1,10,1.285,1.045,1,3.33,0.527556405168206,0.752972970404348,0.5512944,0.0713748,0.6375823,-0.2559001
wue09,1,11,1.2125,0.575,1.01,2.7975,0.688566980703791,0.748419707553597,-0.2319269,-1.793592,-0.1805493,0.122751
wue10,1,1,1.2925,1.0275,1.3075,3.6275,0.556211817155134,0.506140689151694,-3.013221,-1.372359,-4.193586,-1.250481
wue10,1,2,1.3925,1.1075,1.365,3.865,0.386605032964505,0.533749449398768,-1.198582,0.8911014,-3.278408,1.15808
wue10,1,3,1.3425,1.23,1.23,3.8025,0.448648817984026,0.507980403148912,-0.9898115,-1.460547,-1.821014,0.5445458
wue10,1,4,1.335,1.5225,1.3075,4.165,0.441404743029595,0.478352407030182,-1.754313,-1.673532,-2.091076,-0.5548956
wue10,1,5,1.38,0.9575,1.3875,3.725,0.455311346400524,0.458864891224168,3.119197,0.0497116,2.357563,4.090712
wue10,1,6,1.31,0.9475,1.3525,3.61,0.460392281811919,0.470843455042231,-4.795455,-2.01064,-5.700418,-3.397635
wue10,1,7,1.425,0.725,1.4925,3.6425,0.445463986879199,0.477603329024148,-3.217416,-1.616817,-4.359921,-1.181538
wue10,1,8,1.2275,1.4475,1.225,3.9,0.490621361925579,0.542744852473882,1.24245,-0.9771643,0.961408,2.979711
wue10,1,9,1.4025,0.8575,1.4175,3.6775,0.430889994689859,0.46800044130824,-1.080512,-1.412875,-1.384546,0.9283594
wue10,2,1,1.42,1.305,1.31,4.035,0.481798425892018,0.522021364335089,-1.097038,0.3843238,-0.08967523,-1.808336
wue10,2,2,1.3925,1.4675,1.3575,4.2175,0.48022093090372,0.513813283311722,-1.238054,-2.347988,1.578382,-4.977154
wue10,2,3,1.355,0.8275,1.41,3.5925,0.456768241630597,0.498824565314178,-2.530228,-2.089839,-2.798233,-1.607945
wue10,2,4,1.4775,0.9525,1.3575,3.7875,0.38408474760433,0.473777525519305,0.2639194,-1.071551,2.104252,-1.148382
wue10,2,5,1.4775,0.7525,1.49,3.72,0.422645951266543,0.395613330429919,-2.98846,-3.201677,-0.2533411,-4.879601
wue10,2,6,1.49,0.84,1.31,3.64,0.412408800898433,0.487581565767176,0.8261921,-1.396993,1.589651,0.2366588
wue10,2,7,1.455,0.7075,1.4825,3.645,0.400681723982088,0.371614565598127,-3.207534,-0.1077915,-2.37319,-3.36568
wue10,2,8,1.465,0.7,1.4175,3.5825,0.407288694939581,0.490528864965406,-1.337413,-3.164868,-0.2136935,-2.023574
wue10,2,9,1.3975,0.605,1.5175,3.52,0.41354187143552,0.402231952925874,-0.340315,-4.556217,2.38388,-2.31576
wue10,2,10,1.3975,0.595,1.4075,3.4,0.430452593370164,0.449348250584148,0.5875144,-2.319966,1.677568,-0.08706063
wue10,2,11,1.4125,0.6425,1.5375,3.5925,0.425149171449782,0.384855950831639,-2.473591,-1.845163,-0.5914023,-3.831898
wue11,1,1,1.0075,0.2725,0.91,2.19,0.677643390308478,0.785066504114524,-1.951616,-3.722449,-0.1041899,-2.772834
wue11,1,2,0.925,0.34,0.9325,2.1975,0.731265324733266,0.789332738939831,-4.699429,-2.737459,-2.038795,-5.441383
wue11,1,3,0.975,0.345,0.9325,2.2525,0.712121138147098,0.772019046575032,0.8948612,-6.331851,-1.471685,1.98498
wue11,1,4,0.965,0.375,0.9275,2.2675,0.700153222948215,0.714647672651881,-1.015425,-0.3884417,-1.640504,-0.5299666
wue11,1,5,0.9725,0.43,0.91,2.3125,0.690920857342274,0.721779954078247,-4.795899,-3.776662,-5.111501,-4.446011
wue11,1,6,1.055,0.49,0.965,2.51,0.610258993151664,0.761010366811706,0.07071371,-3.113341,-3.77433,1.099628
wue11,1,7,1,0.44,1.02,2.46,0.641367365570428,0.729205737925119,-2.095725,-0.8324284,0.2594432,-3.923941
wue11,1,8,1.0575,0.4,1.0425,2.5,0.65692569842476,0.686526624773706,-3.445219,-3.332267,-1.583921,-4.228775
wue11,1,9,1.1,0.3825,1.085,2.5675,0.597370684096856,0.665077050972719,-3.843866,-5.14976,-3.407193,-3.274729
wue11,1,10,1.1525,0.29,1.0675,2.51,0.591649572641974,0.592280874983231,-5.047594,-2.247569,-4.307155,-5.596888
wue11,2,1,1.105,0.3,0.945,2.35,0.690881186626253,0.736759296494905,-0.6807675,-4.625803,-2.881433,0.4088301
wue11,2,2,0.9975,0.365,0.9075,2.27,0.691459628536565,0.743264119862007,-2.964405,-1.571298,-4.467659,-1.845413
wue11,2,3,1.0475,0.4025,1.2075,2.6575,0.735686308659131,0.572440074938659,-0.2731607,-2.504956,1.619682,-1.974475
wue11,2,4,1.0475,0.4575,1.11,2.615,0.665338401316652,0.651490985954633,-2.419584,-3.412702,-1.56796,-2.602971
wue11,2,5,1.04,0.365,0.955,2.36,0.629743793135442,0.726462380154876,-1.175983,-0.5705645,-1.590355,-0.6977448
wue11,2,6,0.935,0.3825,1.0025,2.32,0.712189247608774,0.695330196692552,-3.829839,0.2813736,-1.129603,-5.077787
wue11,2,7,1.09,0.4375,1.005,2.5325,0.627869507223205,0.685262508292016,0.1410112,1.401113,1.827602,-1.231572
wue11,2,8,1.05,0.62,1.0325,2.7025,0.631510680791877,0.672006635580332,-1.305937,-0.2949916,0.04489212,-2.524693
wue11,2,9,1.1225,0.565,0.9975,2.685,0.621212448309468,0.651751892468455,-2.549435,-1.847233,-1.288366,-3.392354
wue11,2,10,1.03,0.3925,1.105,2.5275,0.672827726572564,0.64218593206393,-3.421776,0.5448843,-4.879139,-2.686188
wue11,2,11,1.1075,0.3375,1.07,2.515,0.620731223319027,0.623563683999781,-1.484516,-3.03727,-1.092531,-1.939136
wue11,2,12,1.27,0.2975,1.1225,2.69,0.525746851032416,0.574686330681655,-2.490801,-0.7233235,-1.793289,-2.959959
wue11,2,13,0.995,0.21,1.0775,2.2825,0.669642650527215,0.577917953811969,-2.444987,1.051156,-0.09021805,-3.199988
wue11,3,1,1.0975,0.2375,1.115,2.45,0.685736568280711,0.694330884145098,-1.776562,-1.138799,1.32217,-2.401598
wue11,3,2,1.0625,0.3025,0.9925,2.3575,0.680839672578685,0.69479007894493,-0.9563157,1.275064,1.7297,-1.950583
wue11,3,3,1.0175,0.535,0.9625,2.515,0.651607169952431,0.68648021504025,1.095613,1.194085,2.540801,0.6371057
wue11,3,4,1.295,0.38,1.0875,2.7625,0.581933894974517,0.619187997643481,0.4629758,-0.04280615,4.126307,-1.885876
wue11,3,5,1.09,0.3175,1.0825,2.49,0.637861756210356,0.65611101198877,-2.337984,1.005051,0.4845761,-2.954599
wue11,3,6,1.1,0.35,1.1625,2.6125,0.661601749602679,0.629056894315275,-1.571218,-0.6451178,3.222526,-6.565749
wue11,3,7,1.1825,0.2725,1.055,2.51,0.589652921667167,0.619033292708418,-2.538282,-1.786911,1.010073,-4.56707
wue11,3,8,1.11,0.4125,1.025,2.5475,0.645262103361423,0.676242631328104,-1.7919,2.609776,0.7496906,-2.496539
wue11,3,9,1.11,0.3625,1.1,2.5725,0.580773000821741,0.640653239877473,-5.026007,0.7069329,-2.842427,-6.036582
wue11,3,10,1.115,0.48,1.115,2.71,0.59007888895156,0.661573467602469,-0.7796972,3.02053,1.121716,-0.4855502
wue11,3,11,1.0575,0.58,1.1625,2.8,0.642588691683743,0.637945009461619,0.3618073,0.3667821,3.225053,-0.4865151
wue11,3,12,1.0925,0.535,1.1025,2.73,0.593338683688532,0.63007368512677,-7.308321,1.380429,-6.140814,-7.517809
